,Medicine Name,AHMEDNAGAR,AKOLA,AMARAVATI,AMRAVATI,ANDRA PRADESH,AURANGABAD,BADLAPUR,BAGALKOT,BALAGHAT,BANGALORE,BEED,BELGAUM,BELLARY,BHANDARA,BULDHANA,BURHANPUR,CHANDRAPUR,DAVANGERE,DEVGAD ,DHARWAD,DHULE,DOMBIVLI,GADAG,GADCHIROLI,GONDIA,GONDIYA,GULBARGA,HINGOLI,HYDERABAD,ICHALKARANJI,JAIPUR,JALANA,JALGAON,JALNA,KALYAN,KERALA,KHORDHA,KOLHAPUR,KOPPAL,LATUR,MALKAJGIRI,MUMBAI,NAGPUR,NAGPUR ,NANDED,NANDURBAR,NASHIK,NAVI MUMBAI,OSMANABAD,PARBHANI,PUNE,RAIGAD,RATNAGIRI,SANGLI,SATARA,SINDHUDURG,SOLAPUR,THANE,UTTAR KANNADA,VIJAYAPURA,WARDHA,WASHIM,YAVATMAL,avg_mean
0,TELMISARTAN 40 MG,517.5,509.4736842105263,60,520.3846153846154,0,1096.933333333333,382.875,34.0,210,40,447.3684210526316,52.1875,0,730.7142857142857,612.2222222222222,0,246.3157894736842,0,320,70.0,409.1111111111111,250,66.66666666666667,495.0,410.0,50,70,638.0,40.0,270.0,40,783.6842105263158,476.6666666666667,15.0,80,312.5,110.0,876.7241379310345,0.0,956.6666666666666,80,902.5,914.2222222222222,190,207.1428571428571,768.0,519.375,325.0,630.9090909090909,649.0909090909091,659.344262295082,919.4242424242424,1353.1,523.1379310344828,536.4705882352941,626.25,564.7058823529412,290.7692307692308,20,40,1098.333333333333,661.4285714285714,1350.909090909091,413.176309890589
1,TELMISARTAN 40 MG + AMLODIPINE 5 MG,568.55,395.5263157894737,130,362.3076923076923,0,722.3333333333334,198.75,37.33333333333334,140,20,467.3684210526316,40.15625,0,675.0,466.1111111111111,0,445.7894736842105,0,390,38.75,245.5555555555555,190,53.33333333333334,725.0,421.25,0,0,624.0,36.66666666666666,213.3333333333333,30,720.0,267.5,15.0,50,42.5,53.33333333333334,757.551724137931,30.0,784.1666666666666,50,451.6666666666667,744.4444444444445,80,143.5714285714286,496.0,461.875,285.0,857.2727272727273,592.8181818181819,658.7868852459017,591.3030303030303,877.0,412.1379310344827,507.6470588235294,295.0,485.0,153.0769230769231,30,0,865.0,407.1428571428572,961.7272727272727,329.5815389010485
2,AMLODIPINE 5 MG,184.0,312.8947368421053,20,294.9038461538461,0,367.0,96.25,41.33333333333334,0,0,312.3684210526316,66.40625,0,512.5,241.6666666666667,0,260.0,0,330,76.875,159.4444444444445,220,65.0,729.1666666666666,250.625,20,0,266.0,100.0,20.0,25,219.2631578947368,156.6666666666667,0.0,95,123.75,30.0,1094.827586206897,35.0,339.5833333333333,50,581.6666666666666,515.6666666666666,60,78.57142857142857,289.0,264.0625,180.0,602.7272727272727,406.5909090909091,470.7131147540983,650.7575757575758,1179.0,432.7758620689655,461.1764705882353,366.875,237.0588235294118,206.9230769230769,10,10,290.8333333333333,652.1428571428571,642.0454545454545,249.2716209782108
3,AMLODIPINE 5 MG + ATENOLOL 50 MG,290.5,291.578947368421,140,395.1923076923077,0,300.2333333333333,50.0,46.33333333333334,100,0,323.6842105263158,75.5625,50,726.4285714285714,361.9444444444445,0,343.8421052631579,0,110,42.5,344.4444444444445,140,36.66666666666666,958.3333333333334,448.75,20,0,319.0,28.66666666666667,60.0,0,360.5263157894737,307.5,30.0,10,17.5,10.0,677.9310344827586,25.0,302.5,50,226.6666666666667,476.4444444444445,50,127.1428571428571,674.0,437.0833333333333,120.0,670.9090909090909,351.3636363636364,335.327868852459,518.2424242424242,950.0,568.2758620689655,318.5294117647059,341.25,417.1470588235294,116.9230769230769,50,50,438.3333333333333,572.3571428571429,964.6363636363636,263.0039807323056
4,METFORMIN HYDROCHLORIDE 500 MG,239.5,240.0,20,196.1538461538462,0,401.9333333333333,45.0,36.66666666666666,0,0,239.4736842105263,37.96875,0,71.42857142857143,234.4444444444445,0,242.1052631578947,0,140,28.75,224.4444444444445,50,23.33333333333333,560.0,157.5,0,0,274.6,46.66666666666666,13.33333333333333,0,351.0526315789473,151.6666666666667,40.0,80,270.0,0.0,499.8793103448276,35.0,448.3333333333333,30,550.0,634.1111111111111,70,87.85714285714286,390.0,306.0416666666667,140.0,233.6363636363636,350.9090909090909,326.1475409836066,310.6060606060606,1046.2,381.0344827586207,262.6470588235294,460.0,265.5882352941176,132.3076923076923,0,0,1015.0,465.7857142857143,733.6363636363636,215.7260762376653
5,VILDAGLIPTIN 50 MG + METFORMIN HYDROCHLORIDE 500 MG,239.5,207.8947368421053,20,120.7692307692308,0,373.3333333333333,60.0,20.0,270,0,165.7894736842105,31.09375,0,257.1428571428572,176.2777777777778,20,147.8947368421053,0,60,85.0,267.1111111111111,280,16.66666666666667,326.6666666666667,187.5,0,50,133.5,40.0,40.0,50,194.2105263157895,126.6666666666667,0.0,130,140.0,200.0,315.5172413793103,15.0,293.3333333333333,20,453.3333333333333,386.4444444444445,200,62.14285714285715,316.0,210.3125,317.5,301.8181818181818,196.3636363636364,437.4426229508197,451.8181818181818,529.0,342.9310344827586,407.3529411764706,37.5,365.1470588235294,265.3846153846154,0,40,433.3333333333333,220.0,445.0,182.5348071365607
6,GLIMEPIRIDE 1 MG + METFORMIN HYDROCHLORIDE 500 MG PR,301.5,170.0,40,168.6538461538462,0,185.0,121.25,49.33333333333334,0,0,130.5263157894737,31.28125,0,184.2857142857143,341.6666666666667,20,248.578947368421,30,320,85.0,48.88888888888889,440,106.6666666666667,136.6666666666667,110.0,0,60,222.0,60.0,40.0,70,348.9473684210527,26.66666666666667,20.0,0,265.0,86.66666666666667,316.3793103448276,40.0,98.33333333333333,40,136.6666666666667,456.0222222222222,40,79.28571428571429,138.0,272.1041666666667,97.5,395.4545454545454,426.3636363636364,370.1147540983607,628.4848484848485,267.3,270.0,135.0,121.25,322.9411764705882,250.0,50,60,123.3333333333333,179.2857142857143,426.8181818181818,162.0510571651223
7,ATORVASTATIN (IR) 10 MG + CLOPIDOGREL (IR) 75 MG + ASPIRIN 75 MG (EC) CAP,220.0,155.2631578947368,0,126.9230769230769,0,202.3333333333333,21.25,14.0,20,40,124.2105263157895,16.25,0,169.2857142857143,209.4444444444445,0,44.21052631578947,0,60,11.25,130.0,30,3.333333333333333,28.33333333333333,53.75,0,0,158.5,0.0,36.66666666666666,0,214.2105263157895,255.0,10.0,20,40.0,0.0,248.3620689655172,10.0,250.8333333333333,0,61.66666666666666,70.44444444444444,40,25.0,280.0,246.9791666666667,37.5,376.3636363636364,187.2727272727273,130.983606557377,129.3939393939394,284.0,346.7241379310345,249.7058823529412,141.25,286.4705882352941,31.53846153846154,10,0,108.3333333333333,237.1428571428571,233.1818181818182,102.1803382149532
8,TENELIGLIPTIN 20 MG + METFORMIN HYDROCHLORIDE 500 MG ER,82.0,118.9473684210526,30,79.42307692307692,0,245.0,35.0,14.66666666666667,40,0,102.6315789473684,12.34375,0,127.8571428571429,117.2222222222222,0,68.94736842105263,0,70,12.5,70.0,200,13.33333333333333,181.6666666666667,85.625,0,0,151.5,3.333333333333333,0.0,0,156.6315789473684,168.3333333333333,0.0,60,100.0,20.0,184.9137931034483,0.0,309.1666666666667,60,398.3333333333333,222.0,130,28.57142857142857,142.0,120.8333333333333,80.0,258.1818181818182,119.0909090909091,234.6885245901639,265.8181818181818,519.0,157.3275862068965,108.5294117647059,157.5,145.5882352941177,133.8461538461538,0,0,258.3333333333333,124.2857142857143,183.6363636363636,106.4858286845903
9,VILDAGLIPTIN 50 MG,93.0,60.0,0,51.15384615384615,0,267.3333333333333,27.5,7.333333333333333,30,0,145.7894736842105,15.78125,0,83.57142857142857,64.44444444444444,15,15.78947368421053,0,120,28.75,96.66666666666667,120,20.0,56.66666666666666,42.5,0,20,76.0,6.666666666666667,16.66666666666667,40,71.3157894736842,108.3333333333333,0.0,10,105.0,63.33333333333334,112.7586206896552,30.0,155.0,20,393.3333333333333,219.1111111111111,110,32.14285714285715,98.0,100.8333333333333,120.0,134.5454545454545,105.9090909090909,212.5573770491803,154.8484848484848,460.3,165.1724137931035,203.5294117647059,52.5,231.1764705882353,89.46153846153847,10,40,138.3333333333333,84.28571428571429,249.0909090909091,88.91246286177562
10,TELMISARTAN 40 MG + CILNIDIPINE 10 MG TAB,47.5,135.2631578947368,0,76.73076923076923,0,118.0,32.5,6.666666666666667,40,0,51.05263157894737,14.6875,0,257.1428571428572,125.0,20,98.94736842105263,0,50,13.75,87.77777777777777,100,20.0,83.33333333333333,98.75,0,0,108.0,0.0,33.33333333333334,0,119.4736842105263,103.3333333333333,0.0,0,86.5,26.66666666666667,117.4137931034483,0.0,80.83333333333333,30,70.0,172.2222222222222,50,48.21428571428572,122.0,85.83333333333333,47.5,150.0,123.6363636363636,152.7459016393443,240.0,125.0,217.5862068965517,120.8823529411765,202.5,190.7352941176471,62.30769230769231,0,10,153.3333333333333,111.4285714285714,268.1818181818182,77.88513621871621
11,ATORVASTATIN 40 MG,73.5,58.94736842105263,20,44.42307692307692,0,225.0,102.5,5.333333333333333,20,0,62.63157894736842,1.875,0,95.0,71.66666666666667,0,68.42105263157895,0,80,3.75,32.22222222222222,50,13.33333333333333,56.66666666666666,41.25,10,20,91.0,6.666666666666667,6.666666666666667,0,110.5263157894737,70.0,0.0,10,77.5,0.0,188.0172413793103,0.0,81.66666666666667,0,136.6666666666667,171.5555555555555,0,32.14285714285715,120.0,58.33333333333334,62.5,92.72727272727273,120.9090909090909,121.1885245901639,179.0909090909091,280.0,43.44827586206897,131.1764705882353,105.0,38.52941176470588,51.53846153846154,20,0,193.3333333333333,130.7142857142857,147.2727272727273,64.04271480005954
12,NIFEDIPINE SR 20 MG,114.0,74.73684210526316,0,81.73076923076923,0,178.5,78.75,4.666666666666667,0,0,48.94736842105263,10.15625,0,296.4285714285714,108.3333333333333,0,57.89473684210526,0,40,6.25,116.6666666666667,80,3.333333333333333,115.0,43.75,0,30,89.0,13.33333333333333,20.0,10,115.7894736842105,50.0,0.0,0,37.5,10.0,137.0689655172414,5.0,37.5,0,50.0,83.55555555555556,10,41.42857142857143,78.0,78.54166666666667,22.5,89.0909090909091,78.63636363636364,30.24590163934426,86.06060606060606,298.0,78.34482758620689,60.58823529411764,36.25,141.1764705882353,12.30769230769231,10,0,98.33333333333333,78.57142857142857,373.1818181818182,61.09761413497453
13,GLIMEPIRIDE 2 MG + METFORMIN HYDROCHLORIDE 1000 MG PR,43.0,48.94736842105263,30,71.92307692307692,0,80.0,7.5,8.666666666666666,110,0,43.05263157894737,8.59375,0,120.0,53.88888888888889,0,56.8421052631579,0,50,25.0,34.44444444444444,40,3.333333333333333,46.66666666666666,146.25,30,30,38.0,16.66666666666667,3.333333333333333,0,88.42105263157895,65.0,0.0,0,37.5,16.66666666666667,102.9310344827586,10.0,81.66666666666667,40,65.83333333333333,172.8888888888889,0,15.71428571428571,52.0,55.27083333333334,85.0,110.0,104.0909090909091,113.1147540983606,123.9393939393939,67.0,97.58620689655173,142.0588235294118,33.75,114.7058823529412,41.53846153846154,30,0,241.6666666666667,70.0,146.8181818181818,55.09953926721627
14,METOPROLOL 12.5 MG ER,92.0,66.3157894736842,0,27.5,0,108.0,30.0,1.333333333333333,20,0,100.5263157894737,3.4375,0,37.85714285714285,130.5555555555555,0,26.31578947368421,0,30,7.5,85.55555555555556,0,0.0,11.66666666666667,10.0,0,0,108.0,0.0,0.0,0,78.15789473684211,41.66666666666666,0.0,5,32.5,0.0,139.3620689655172,10.0,89.16666666666667,0,66.66666666666667,51.33333333333334,10,35.71428571428572,156.0,57.91666666666666,67.5,80.0,87.72727272727273,90.49180327868852,90.0,180.0,99.82758620689656,135.0,156.25,43.88235294117647,43.07692307692308,20,0,98.33333333333333,127.8571428571429,120.0,49.36498908798691
15,GLIMEPIRIDE 1 MG,58.5,88.94736842105263,0,39.42307692307692,0,95.66666666666667,56.25,6.0,40,30,31.05263157894737,9.0625,0,85.71428571428571,31.11111111111111,0,24.73684210526316,0,50,10.0,37.77777777777778,80,10.0,56.66666666666666,20.0,50,0,63.0,6.666666666666667,0.0,0,25.78947368421053,28.33333333333333,20.0,30,95.0,0.0,92.67241379310344,0.0,55.83333333333334,20,203.3333333333333,157.3333333333333,20,17.85714285714286,86.0,45.625,50.0,69.0909090909091,44.09090909090909,127.9180327868852,108.4848484848485,212.0,66.89655172413794,73.82352941176471,165.0,52.35294117647059,48.53846153846154,0,0,123.3333333333333,55.71428571428572,172.7272727272727,51.56069892664418
16,AMLODIPINE 2.5 MG,57.75,42.10526315789474,10,41.82692307692308,0,32.33333333333334,21.25,2.666666666666667,0,0,45.31578947368421,6.640625,0,72.5,33.88888888888889,0,48.94736842105263,0,35,8.125,34.44444444444444,40,23.33333333333333,12.5,36.875,0,0,63.0,0.0,0.0,0,24.73684210526316,31.66666666666667,0.0,35,31.25,0.0,120.4310344827586,0.0,52.08333333333334,0,91.66666666666667,53.77777777777778,10,17.5,74.0,36.875,30.0,46.81818181818182,54.31818181818182,107.2950819672131,60.3030303030303,242.0,86.98275862068965,68.08823529411765,56.25,48.38235294117647,23.07692307692308,0,0,12.5,71.07142857142857,98.18181818181819,35.75806268922933
17,DICLOFENAC GEL (30GM),16.7,50.89473684210526,157,92.42307692307692,0,44.33333333333334,30.125,20.26666666666667,30,0,48.47368421052632,18.890625,0,44.42857142857143,83.83333333333333,0,21.42105263157895,0,107,18.125,42.0,66,31.33333333333333,52.5,46.875,6,10,81.6,1.666666666666667,13.33333333333333,20,76.42105263157895,52.16666666666666,6.0,0,12.25,13.33333333333333,83.79310344827586,18.5,87.08333333333333,0,47.5,42.82222222222222,27,19.78571428571428,33.6,71.91666666666667,92.25,85.81818181818181,44.36363636363637,41.77049180327869,157.2727272727273,51.0,53.62068965517241,38.35294117647059,5.625,53.38235294117647,18.69230769230769,12,20,6.666666666666667,122.2857142857143,189.0454545454545,43.48478842081116
18,PIOGLITAZONE 15 MG,38.0,14.21052631578947,0,23.65384615384615,50,49.33333333333334,22.5,2.666666666666667,0,0,37.89473684210526,8.90625,0,12.14285714285714,8.333333333333334,0,13.68421052631579,0,190,8.75,66.66666666666667,70,10.0,65.0,8.75,0,0,1.0,3.333333333333333,3.333333333333333,0,24.73684210526316,43.33333333333334,0.0,10,50.0,0.0,83.01724137931035,0.0,41.66666666666666,0,235.0,57.77777777777778,0,10.0,130.0,51.25,32.5,27.27272727272727,10.45454545454546,66.64754098360656,64.84848484848484,198.0,70.34482758620689,40.29411764705883,85.0,74.70588235294117,20.76923076923077,0,10,138.3333333333333,10.71428571428571,118.6363636363636,38.30892530966217
19,ESOMEPRAZOLE 40 + DOMPERIDONE 30 MG SR,21.75,69.47368421052632,20,45.19230769230769,0,48.66666666666666,62.5,8.0,40,0,7.368421052631579,3.75,0,60.0,22.22222222222222,0,14.47368421052632,100,0,10.0,54.44444444444444,30,0.0,18.33333333333333,43.75,0,0,29.0,0.0,0.0,0,25.26315789473684,40.0,0.0,10,62.5,50.0,43.5,10.0,55.83333333333334,20,50.0,57.55555555555556,10,13.57142857142857,76.0,39.27083333333334,47.5,108.1818181818182,40.90909090909091,70.40983606557377,82.72727272727273,53.0,70.44827586206897,66.47058823529412,6.25,89.70588235294117,30.0,0,10,76.66666666666667,75.0,65.9090909090909,34.3745649909661
20,CHOLECALCIFEROL 60000 IU CAP,5.5,27.89473684210526,10,35.0,0,28.63333333333333,22.5,0.6666666666666666,20,0,8.947368421052632,3.75,0,44.28571428571428,17.77777777777778,0,14.21052631578947,0,50,6.25,12.22222222222222,90,6.666666666666667,26.66666666666667,50.0,0,10,15.0,6.666666666666667,3.333333333333333,60,17.52631578947368,3.333333333333333,0.0,0,49.5,46.66666666666666,52.39655172413793,0.0,25.0,20,413.3333333333333,74.22222222222223,70,12.14285714285714,42.0,29.8125,77.5,28.18181818181818,27.40909090909091,104.2295081967213,70.96969696969697,119.0,55.0,26.61764705882353,11.25,30.29411764705882,110.7692307692308,10,0,1.666666666666667,27.85714285714286,85.9090909090909,35.21522967579936
21,TORSEMIDE 10 MG TAB,39.5,23.15789473684211,0,22.88461538461538,0,73.66666666666667,17.5,3.333333333333333,40,10,24.73684210526316,5.15625,0,37.14285714285715,25.0,6,13.68421052631579,0,70,6.25,34.44444444444444,70,10.0,18.33333333333333,13.75,0,0,30.0,0.0,10.0,0,38.94736842105263,65.0,10.0,0,32.5,20.0,50.17241379310344,0.0,40.83333333333334,0,38.33333333333334,53.33333333333334,10,17.85714285714286,26.0,30.0,15.0,50.90909090909091,32.72727272727273,62.95081967213115,50.60606060606061,170.0,58.06896551724138,79.41176470588235,66.25,35.29411764705883,13.07692307692308,0,0,20.0,59.28571428571428,66.36363636363636,28.84859901993622
22,OLMESARTAN MEDOXOMIL 40 MG,31.0,44.73684210526316,0,47.5,0,50.66666666666666,5.0,3.333333333333333,30,40,8.947368421052632,2.96875,0,47.85714285714285,12.22222222222222,0,12.10526315789474,0,0,12.5,36.66666666666666,20,0.0,25.0,25.0,0,10,13.0,0.0,3.333333333333333,0,45.05263157894737,20.0,10.0,10,22.5,40.0,55.25862068965517,0.0,25.0,10,45.0,49.33333333333334,40,15.71428571428571,36.0,21.25,30.0,72.72727272727273,137.7272727272727,36.39344262295082,90.9090909090909,61.0,34.48275862068966,28.23529411764706,26.25,60.44117647058823,38.46153846153846,0,0,0.0,30.71428571428572,140.0,27.21093003890688
23,ROSUVASTATIN 5 MG,44.5,26.84210526315789,0,20.76923076923077,0,46.16666666666666,22.5,2.666666666666667,0,0,23.68421052631579,2.5,0,30.71428571428572,14.16666666666667,0,16.31578947368421,0,90,5.0,18.0,40,3.333333333333333,20.0,0.0,0,10,21.0,0.0,16.66666666666667,0,30.0,6.666666666666667,0.0,10,102.5,33.33333333333334,38.10344827586207,0.0,75.83333333333333,0,123.6666666666667,56.44444444444444,20,8.571428571428571,60.0,21.66666666666667,62.5,52.72727272727273,31.81818181818182,74.59016393442623,74.54545454545455,226.0,41.37931034482759,31.76470588235294,41.25,36.91176470588236,55.38461538461539,0,10,48.33333333333334,11.42857142857143,40.45454545454545,30.16983379784985
24,GLICLAZIDE 40 MG + METFORMIN HYDROCLORIDE 500 MG,73.5,40.0,0,23.07692307692308,0,40.66666666666666,17.5,2.0,30,0,40.0,0.3125,0,15.71428571428571,9.444444444444445,0,42.10526315789474,0,0,5.0,22.22222222222222,30,0.0,40.0,68.75,0,0,12.0,0.0,0.0,40,5.789473684210527,6.666666666666667,0.0,0,0.0,6.666666666666667,28.62068965517241,0.0,78.33333333333333,50,6.666666666666667,66.95555555555555,30,21.42857142857143,96.0,73.75,7.5,165.4545454545455,32.72727272727273,27.17213114754098,10.90909090909091,102.0,33.96551724137931,39.41176470588236,12.5,83.52941176470588,16.92307692307692,0,10,5.0,24.28571428571428,217.2727272727273,28.75906637097168
25,VILDAGLIPTIN 100 MG,25.75,8.947368421052632,0,18.07692307692308,0,59.33333333333334,5.625,2.666666666666667,0,0,34.73684210526316,6.09375,0,12.85714285714286,16.66666666666667,0,4.210526315789473,0,0,2.5,46.66666666666666,10,0.0,13.33333333333333,16.25,0,0,23.0,0.0,13.33333333333333,30,24.21052631578947,23.33333333333333,0.0,10,37.5,0.0,33.96551724137931,15.0,48.33333333333334,0,31.66666666666667,30.44444444444444,40,7.857142857142857,72.0,38.22916666666666,10.0,60.90909090909091,43.18181818181818,50.12295081967213,62.42424242424242,74.0,51.77586206896552,59.11764705882353,37.5,53.8235294117647,30.76923076923077,10,10,18.33333333333333,2.857142857142857,43.18181818181818,21.91403729604491
26,S-AMLODIPINE 2.5 MG TAB,56.0,20.52631578947368,0,18.84615384615385,0,35.66666666666666,6.25,2.0,0,0,36.8421052631579,1.40625,0,19.64285714285714,27.77777777777778,0,14.73684210526316,0,20,5.0,5.555555555555555,10,0.0,90.0,15.0,0,0,37.0,3.333333333333333,0.0,0,22.63157894736842,30.0,0.0,20,0.0,10.0,39.74137931034483,0.0,17.5,0,8.333333333333334,36.66666666666666,30,4.285714285714286,80.0,15.625,20.0,43.63636363636363,40.45454545454545,48.85245901639344,26.66666666666667,78.1,27.75862068965517,57.05882352941177,26.25,95.11764705882354,17.69230769230769,10,0,33.33333333333334,18.57142857142857,121.8181818181818,22.31234773794885
27,LOSARTAN POTASSIUM 25 MG,33.5,23.68421052631579,0,21.25,0,16.33333333333333,35.0,4.0,0,0,48.42105263157895,4.6875,0,30.0,23.33333333333333,0,6.842105263157895,0,20,23.75,52.77777777777778,40,13.33333333333333,8.333333333333334,1.25,0,0,18.0,3.333333333333333,0.0,0,25.94736842105263,28.33333333333333,0.0,10,22.5,0.0,52.20689655172414,5.0,39.16666666666666,0,51.66666666666666,30.44444444444444,0,7.142857142857143,62.0,25.20833333333333,10.0,55.45454545454545,28.63636363636364,22.37704918032787,93.63636363636364,96.0,48.96551724137931,19.11764705882353,73.75,40.88235294117647,23.07692307692308,0,10,10.0,47.14285714285715,44.09090909090909,22.3901017124642
28,TERBINAFINE 250 MG,32.0,10.0,50,35.05769230769231,0,38.0,5.0,2.666666666666667,70,0,23.15789473684211,5.625,0,26.42857142857143,41.94444444444444,0,6.842105263157895,0,0,1.25,5.222222222222222,20,3.333333333333333,50.0,20.0,0,0,24.2,0.0,0.0,20,68.42105263157895,3.333333333333333,0.0,10,2.5,3.333333333333333,60.3448275862069,0.0,8.333333333333334,0,43.33333333333334,30.44444444444444,10,8.571428571428571,10.0,21.1875,30.75,39.09090909090909,37.27272727272727,29.59016393442623,37.72727272727273,48.0,49.79310344827586,44.11764705882353,3.75,37.52941176470588,11.92307692307692,20,0,23.0,33.57142857142857,46.81818181818182,20.05499110444048
29,GLICLAZIDE 80 MG,25.5,16.31578947368421,0,4.903846153846154,0,30.66666666666667,5.0,1.333333333333333,20,0,14.73684210526316,0.15625,0,32.14285714285715,5.555555555555555,0,2.105263157894737,0,0,0.0,68.88888888888889,30,0.0,3.333333333333333,6.25,0,0,2.0,0.0,6.666666666666667,0,7.894736842105263,1.666666666666667,20.0,10,48.5,0.0,40.89655172413793,0.0,18.33333333333333,0,145.0,32.22222222222222,10,0.7142857142857143,46.0,46.04166666666666,45.0,31.81818181818182,9.090909090909092,39.01639344262295,32.87878787878788,195.0,16.72413793103448,29.70588235294118,47.5,68.23529411764706,52.30769230769231,0,0,13.33333333333333,40.0,111.3636363636364,22.77458736959038
30,TORSEMIDE 5 MG TAB,30.0,15.78947368421053,0,25.0,0,34.0,2.5,0.6666666666666666,10,0,14.73684210526316,3.90625,0,45.0,22.77777777777778,0,14.21052631578947,0,20,5.0,35.55555555555556,60,3.333333333333333,1.666666666666667,13.75,0,10,9.0,3.333333333333333,0.0,20,20.52631578947368,18.33333333333333,0.0,0,0.0,3.333333333333333,38.96551724137931,0.0,23.33333333333333,0,27.5,22.66666666666667,30,8.571428571428571,6.0,32.91666666666666,22.5,41.81818181818182,22.72727272727273,43.68852459016394,32.57575757575758,98.0,60.17241379310344,52.5,30.0,29.55882352941176,11.53846153846154,0,0,15.0,36.42857142857143,43.63636363636363,18.61138715891268
31,TICAGRELOR 90 MG TAB,0.0,35.68421052631579,20,29.67307692307692,0,9.333333333333334,23.75,3.666666666666667,0,0,12.94736842105263,3.828125,30,28.57142857142857,41.11111111111111,2,18.42105263157895,0,20,1.25,18.88888888888889,0,16.66666666666667,10.0,14.375,0,10,20.0,6.666666666666667,0.0,20,23.31578947368421,0.0,5.0,0,37.5,10.0,40.25862068965517,5.0,2.5,10,93.66666666666667,36.33333333333334,10,1.428571428571429,48.0,5.0,35.0,62.0,41.18181818181818,31.52459016393443,80.6969696969697,156.0,36.48275862068966,24.41176470588235,40.625,42.35294117647059,25.69230769230769,0,0,35.0,61.0,53.86363636363637,23.02648196191121
32,GLICLAZIDE 60 MG SR,2.5,2.105263157894737,0,4.038461538461538,0,60.66666666666666,20.0,0.0,20,0,12.63157894736842,0.625,0,5.714285714285714,8.333333333333334,0,8.421052631578947,0,50,2.5,16.66666666666667,30,0.0,40.0,8.75,0,0,2.0,6.666666666666667,0.0,0,12.63157894736842,6.666666666666667,0.0,0,5.0,0.0,36.72413793103448,0.0,2.5,0,125.8333333333333,20.77777777777778,0,6.428571428571429,14.0,16.66666666666667,17.5,48.18181818181818,31.36363636363636,49.67213114754098,51.51515151515152,74.0,31.89655172413793,19.41176470588235,97.5,38.08823529411764,36.15384615384615,0,0,1.666666666666667,2.857142857142857,50.0,17.43896274102035
33,ESOMEPRAZOLE 40 MG,17.5,25.26315789473684,20,32.5,0,22.33333333333333,32.5,0.6666666666666666,20,0,5.263157894736842,1.25,0,19.28571428571428,22.77777777777778,0,2.631578947368421,0,0,6.25,13.33333333333333,20,0.0,18.33333333333333,1.25,0,0,19.5,10.0,0.0,0,23.15789473684211,6.666666666666667,0.0,10,27.5,30.0,24.48275862068965,0.0,7.5,0,55.0,30.93333333333333,30,4.285714285714286,48.0,20.0,30.0,34.54545454545455,48.18181818181818,27.95901639344262,35.15151515151515,67.0,25.68965517241379,32.94117647058823,2.5,7.941176470588236,11.92307692307692,0,0,21.66666666666667,21.42857142857143,29.09090909090909,16.25688027944907
34,PIOGLITAZONE 7.5 MG,13.5,10.0,0,9.615384615384615,0,42.66666666666666,7.5,6.0,20,10,22.10526315789474,1.40625,0,14.28571428571429,14.44444444444444,0,5.789473684210527,0,0,13.75,8.88888888888889,10,16.66666666666667,6.666666666666667,3.75,0,0,0.0,0.0,3.333333333333333,0,38.94736842105263,0.0,0.0,10,5.0,0.0,22.93103448275862,0.0,15.0,20,46.66666666666666,40.0,20,1.428571428571429,24.0,10.625,37.5,18.18181818181818,8.636363636363637,29.91803278688525,11.51515151515152,92.0,64.13793103448276,13.23529411764706,53.75,16.47058823529412,29.61538461538462,0,0,0.0,10.0,36.81818181818182,14.55152602143062
35,METHYLPREDNISOLONE 4 MG,36.0,0.0,0,0.0,0,0.0,5.0,8.666666666666666,0,0,0.0,6.875,0,0.0,0.0,0,0.0,0,20,0.0,0.0,10,0.0,0.0,0.0,0,0,0.0,0.0,28.33333333333333,0,0.0,0.0,0.0,5,5.0,0.0,65.25862068965517,10.0,5.833333333333333,0,10.0,0.2222222222222222,0,0.0,0.0,20.41666666666667,2.5,269.0909090909091,0.0,28.65573770491803,36.06060606060606,23.0,35.18965517241379,62.35294117647059,0.0,58.52941176470588,14.23076923076923,0,0,0.0,0.0,0.0,12.16215671607413
36,GLICLAZIDE 40 MG,12.5,27.36842105263158,0,6.153846153846154,0,23.66666666666667,8.75,0.0,0,0,11.57894736842105,0.625,0,0.7142857142857143,2.222222222222222,0,6.842105263157895,0,30,0.0,44.44444444444444,0,0.0,1.666666666666667,15.0,0,0,2.0,0.0,0.0,0,3.684210526315789,0.0,0.0,0,12.5,0.0,36.03448275862069,0.0,15.0,0,38.33333333333334,29.33333333333333,20,7.142857142857143,30.0,40.0,30.0,21.81818181818182,10.90909090909091,22.8688524590164,20.0,141.0,25.3448275862069,28.82352941176471,43.75,46.1764705882353,8.461538461538462,0,0,43.33333333333334,2.142857142857143,61.36363636363637,14.78655778921689
37,OLMESARTAN MEDOXOMIL 20 MG + HYDROCHLOROTHIAZIDE 12.50 MG,19.0,3.157894736842105,0,16.92307692307692,0,23.16666666666667,5.0,3.333333333333333,20,0,12.0,1.5625,0,8.571428571428571,10.0,0,6.315789473684211,0,60,5.0,7.777777777777778,10,0.0,0.0,0.0,0,0,7.5,0.0,13.33333333333333,0,9.473684210526315,25.0,0.0,30,0.0,0.0,45.0,0.0,12.5,20,55.0,7.777777777777778,0,2.857142857142857,26.0,11.25,10.0,60.90909090909091,24.54545454545455,22.58196721311475,101.3636363636364,25.0,15.32758620689655,26.17647058823529,30.0,43.52941176470588,13.84615384615385,0,0,0.0,15.71428571428571,50.90909090909091,14.56196117019451
38,LACOSAMIDE 100 MG,16.0,27.36842105263158,0,11.34615384615385,0,36.33333333333334,0.0,3.333333333333333,50,0,12.63157894736842,4.375,0,30.71428571428572,16.66666666666667,0,9.473684210526315,0,10,1.25,5.555555555555555,0,0.0,6.666666666666667,1.25,0,0,17.0,0.0,0.0,0,4.210526315789473,10.0,0.0,0,37.5,0.0,28.44827586206896,0.0,25.0,0,25.0,34.22222222222222,10,15.0,26.0,35.9375,5.0,41.81818181818182,15.90909090909091,17.90983606557377,20.24242424242424,5.0,32.06896551724138,19.70588235294118,0.0,21.32352941176471,12.30769230769231,0,0,28.33333333333333,22.14285714285714,57.72727272727273,12.86940110404723
39,FOLIC ACID 5 MG TAB,7.0,18.42105263157895,30,16.73076923076923,0,15.0,6.25,0.6666666666666666,0,0,3.157894736842105,2.5,0,21.42857142857143,12.22222222222222,0,11.05263157894737,0,10,1.25,4.444444444444445,60,3.333333333333333,123.3333333333333,20.0,0,0,6.0,3.333333333333333,0.0,0,9.473684210526315,11.66666666666667,0.0,10,22.5,0.0,41.72413793103448,0.0,8.333333333333334,0,63.33333333333334,35.11111111111111,10,5.357142857142857,14.0,14.79166666666667,47.5,20.90909090909091,7.272727272727272,23.74590163934426,29.09090909090909,29.0,22.98275862068965,23.82352941176471,18.75,21.02941176470588,17.69230769230769,0,0,15.0,22.85714285714286,44.09090909090909,15.33587329205474
40,CLOBAZAM 10 MG,22.0,8.421052631578947,0,11.73076923076923,0,31.5,0.0,2.0,0,10,20.52631578947368,1.875,0,25.0,8.88888888888889,0,15.78947368421053,0,0,1.25,8.88888888888889,0,13.33333333333333,3.333333333333333,13.75,0,0,17.0,0.0,0.0,0,30.52631578947368,18.33333333333333,15.0,0,75.0,0.0,10.3448275862069,0.0,15.0,0,3.333333333333333,26.0,0,24.28571428571428,14.0,25.0,2.5,81.81818181818181,20.90909090909091,20.08196721311475,10.75757575757576,35.0,17.24137931034483,23.52941176470588,1.25,52.5,6.153846153846154,0,0,0.0,5.714285714285714,47.27272727272727,12.64823882575256
41,ROSUVASTATIN 20 MG + ASPIRIN 75 MG,5.0,7.368421052631579,0,13.65384615384615,0,13.66666666666667,5.0,1.333333333333333,20,0,14.21052631578947,1.109375,0,7.142857142857143,10.0,0,4.736842105263158,0,20,1.25,8.88888888888889,0,0.0,3.333333333333333,17.5,0,0,8.0,0.0,10.0,0,6.315789473684211,11.66666666666667,0.0,30,5.0,0.0,26.37931034482759,0.0,20.83333333333333,0,36.66666666666666,43.33333333333334,0,10.71428571428571,18.0,5.0,10.0,39.09090909090909,15.22727272727273,22.67213114754098,26.36363636363636,21.0,23.79310344827586,18.52941176470588,27.5,15.29411764705882,12.30769230769231,0,0,0.0,21.42857142857143,112.7272727272727,11.93710466949751
42,S-AMLODIPINE 5 MG TAB,19.0,7.368421052631579,0,7.884615384615385,0,22.66666666666667,1.25,2.666666666666667,0,0,24.21052631578947,0.546875,0,11.42857142857143,13.88888888888889,0,13.68421052631579,0,0,2.5,3.333333333333333,0,0.0,26.66666666666667,16.25,0,0,20.0,0.0,6.666666666666667,0,10.52631578947368,10.0,0.0,5,2.5,0.0,26.46551724137931,0.0,19.58333333333333,0,8.333333333333334,19.77777777777778,10,11.78571428571429,50.0,9.791666666666666,0.0,13.63636363636364,30.0,31.51639344262295,15.15151515151515,43.3,13.70689655172414,27.35294117647059,16.25,19.26470588235294,11.53846153846154,0,0,28.33333333333333,10.0,62.72727272727273,11.21513730896203
43,FRUSE 20 + SPIRO 50 TAB,4.0,23.68421052631579,10,9.615384615384615,0,0.3333333333333333,3.75,0.0,0,0,14.21052631578947,0.15625,0,35.0,8.88888888888889,0,11.57894736842105,0,180,0.0,5.555555555555555,90,0.0,0.0,13.75,0,0,2.0,0.0,0.0,0,5.789473684210527,3.333333333333333,0.0,0,0.0,0.0,41.20689655172414,0.0,9.583333333333334,0,21.66666666666667,17.55555555555556,0,7.571428571428571,6.0,1.458333333333333,15.0,79.0909090909091,5.454545454545454,15.0,59.39393939393939,67.0,26.20689655172414,21.17647058823529,16.25,33.0,16.92307692307692,0,0,1.666666666666667,5.714285714285714,40.90909090909091,14.75355553850393
44,VILDAGLIPTIN 50 MG + METFORMIN HYDROCHLORIDE 1000 MG,8.75,18.42105263157895,10,4.615384615384615,0,24.0,4.375,0.0,30,40,9.473684210526315,3.59375,10,14.28571428571429,6.111111111111111,0,1.578947368421053,0,50,1.25,7.777777777777778,20,0.0,10.0,28.75,0,0,4.0,20.0,0.0,0,5.789473684210527,31.66666666666667,0.0,0,17.5,53.33333333333334,21.37931034482759,5.0,5.833333333333333,20,38.33333333333334,17.55555555555556,0,0.7142857142857143,14.0,4.166666666666667,97.5,10.0,13.18181818181818,32.95081967213115,35.15151515151515,14.0,24.31034482758621,19.70588235294118,25.0,22.5,19.23076923076923,0,10,28.33333333333333,17.42857142857143,23.18181818181818,15.15443258719382
45,MULTIVITAMIN+MULTIMINERAL CAP.,1.75,17.36842105263158,40,37.5,0,10.66666666666667,7.5,1.333333333333333,10,0,6.842105263157895,0.9375,0,17.14285714285714,17.77777777777778,0,3.684210526315789,0,80,0.0,16.66666666666667,10,0.0,20.0,3.75,0,0,20.0,0.0,0.0,0,24.21052631578947,10.0,0.0,20,2.5,0.0,19.82758620689655,0.0,16.66666666666667,10,33.33333333333334,12.97777777777778,10,8.571428571428571,52.0,20.41666666666667,25.0,10.0,29.09090909090909,13.07377049180328,61.81818181818182,43.0,13.79310344827586,15.88235294117647,10.0,9.852941176470589,8.846153846153847,0,0,1.666666666666667,20.0,31.36363636363636,13.60017840970222
46,ONDANSETRON 4MG(MD) TAB,5.0,30.0,0,20.76923076923077,0,11.66666666666667,6.25,0.0,20,0,6.315789473684211,0.0,0,15.0,26.66666666666667,0,5.263157894736842,0,50,0.0,2.222222222222222,40,0.0,16.66666666666667,10.0,0,0,10.0,0.0,0.0,0,11.05263157894737,0.0,0.0,0,0.0,0.0,18.27586206896552,0.0,25.0,0,16.66666666666667,10.66666666666667,10,1.428571428571429,8.0,13.33333333333333,5.0,18.18181818181818,23.18181818181818,22.45901639344262,30.75757575757576,15.0,14.13793103448276,10.0,0.0,30.58823529411765,0.7692307692307693,0,0,11.66666666666667,47.14285714285715,59.54545454545455,10.77261485826173
47,TELMI 80+CHLOR 12.5 MG,11.5,21.05263157894737,0,5.384615384615385,0,24.0,5.0,0.0,0,0,14.21052631578947,0.3125,0,21.42857142857143,10.55555555555556,0,8.421052631578947,0,30,0.0,22.22222222222222,0,0.0,20.0,23.75,0,10,11.0,0.0,3.333333333333333,0,14.21052631578947,118.3333333333333,0.0,0,2.5,6.666666666666667,16.37931034482759,0.0,19.16666666666667,20,25.83333333333333,12.0,30,11.42857142857143,46.0,21.97916666666667,17.5,40.90909090909091,24.54545454545455,15.00819672131148,26.06060606060606,44.0,15.72413793103448,9.411764705882353,32.5,17.44117647058824,11.53846153846154,0,0,15.0,1.428571428571429,26.36363636363636,14.03332825208105
48,DAPAGLIFLOZIN 10+MET 500SR,2.0,9.473684210526315,0,9.038461538461538,0,18.0,2.5,0.0,0,0,7.894736842105263,0.0,0,10.71428571428571,11.38888888888889,0,2.105263157894737,0,0,0.0,12.44444444444444,0,0.0,10.0,16.25,0,0,4.0,0.0,0.0,0,18.94736842105263,0.0,0.0,6,5.0,0.0,15.86206896551724,0.0,6.666666666666667,0,10.0,16.44444444444444,20,2.142857142857143,4.0,11.77083333333333,15.0,29.09090909090909,16.36363636363636,20.04098360655738,47.12121212121212,47.0,22.41379310344828,19.55882352941176,7.5,26.02941176470588,16.15384615384615,0,0,0.0,12.85714285714286,47.72727272727273,8.880968810930492
49,DICLOFENAC GEL (75GM),5.1,10.42105263157895,56,30.51923076923077,0,12.2,9.0,2.0,6,0,11.1578947368421,2.828125,0,6.0,20.22222222222222,0,4.105263157894737,0,63,2.5,13.0,21,3.333333333333333,9.666666666666666,17.875,0,0,15.6,3.0,0.0,5,13.10526315789474,14.66666666666667,1.5,0,5.5,6.666666666666667,11.86206896551724,2.5,11.75,0,3.833333333333333,12.95555555555556,29,13.57142857142857,0.0,11.25,12.0,26.18181818181818,8.545454545454545,14.22950819672131,25.27272727272727,7.4,12.51724137931035,8.088235294117647,0.0,21.41176470588235,6.307692307692307,0,0,0.0,30.78571428571428,104.8636363636364,11.83005657091915
50,TORSEMIDE 20 MG TAB,13.5,5.789473684210527,0,8.461538461538462,0,19.33333333333333,5.0,0.0,0,0,7.368421052631579,0.3125,0,16.42857142857143,12.77777777777778,26,12.10526315789474,0,0,0.0,0.0,0,3.333333333333333,10.0,6.25,0,0,10.0,0.0,13.33333333333333,0,4.736842105263158,10.0,0.0,0,20.0,0.0,22.41379310344828,0.0,24.16666666666667,0,15.0,28.44444444444444,0,4.285714285714286,8.0,3.958333333333333,10.0,32.72727272727273,14.54545454545454,21.9672131147541,16.06060606060606,31.5,15.68965517241379,34.70588235294117,37.5,18.52941176470588,10.0,0,0,0.0,5.0,31.36363636363636,9.374420184179037
51,CLOBAZAM 5 MG,14.5,18.42105263157895,0,9.038461538461538,0,31.66666666666667,0.0,5.333333333333333,0,0,28.94736842105263,3.125,0,28.57142857142857,13.88888888888889,0,5.263157894736842,0,0,2.5,6.666666666666667,0,3.333333333333333,8.333333333333334,31.25,0,0,19.0,0.0,0.0,0,22.63157894736842,10.0,15.0,0,20.0,0.0,14.6551724137931,0.0,25.83333333333333,0,0.0,13.33333333333333,0,7.142857142857143,18.0,17.39583333333333,2.5,90.0,11.36363636363636,10.82786885245902,11.36363636363636,17.0,7.586206896551724,12.35294117647059,0.0,27.35294117647059,4.615384615384615,0,0,0.0,20.71428571428572,15.90909090909091,9.92725066430929
52,OLMESARTAN MEDOXOMIL 40 MG + AMLODIPINE 5 MG,18.0,7.894736842105263,20,9.423076923076923,0,8.333333333333334,5.0,0.6666666666666666,10,0,4.210526315789473,0.46875,0,31.42857142857143,7.222222222222222,0,9.210526315789474,0,10,1.25,11.11111111111111,0,0.0,8.333333333333334,6.25,0,0,5.0,0.0,0.0,0,6.842105263157895,5.0,0.0,0,0.0,3.333333333333333,17.06896551724138,0.0,31.66666666666667,0,23.33333333333333,22.66666666666667,0,5.0,16.0,7.291666666666667,2.5,18.18181818181818,54.09090909090909,18.68852459016393,34.24242424242424,4.0,10.51724137931035,15.88235294117647,5.0,17.35294117647059,10.0,0,0,0.0,9.285714285714286,16.81818181818182,8.389931740400543
53,ESCITALOPRAM 10 MG,13.5,10.0,0,15.76923076923077,0,24.5,2.5,1.333333333333333,0,20,13.68421052631579,0.3125,0,17.14285714285714,3.333333333333333,0,4.210526315789473,0,0,0.0,13.33333333333333,0,0.0,23.33333333333333,11.25,0,10,10.0,0.0,20.0,0,1.578947368421053,6.666666666666667,0.0,0,27.5,6.666666666666667,18.44827586206896,0.0,10.0,0,0.0,13.55555555555556,0,5.0,31.0,10.41666666666667,10.0,18.18181818181818,6.818181818181818,15.12295081967213,18.48484848484848,12.0,37.1551724137931,14.85294117647059,6.25,14.41176470588235,2.307692307692307,0,0,0.0,17.85714285714286,6.363636363636363,8.330818825439845
54,GLICLAZIDE 80 MG + METFORMIN HYDROCLORIDE 500 MG + VOGLIBOSE 0.3 MG,11.0,4.210526315789473,0,4.615384615384615,0,7.666666666666667,0.0,0.0,30,0,10.0,0.0,0,0.3571428571428572,6.666666666666667,0,13.1578947368421,0,0,1.25,1.111111111111111,0,0.0,86.66666666666667,8.125,0,0,0.0,0.0,0.0,10,0.0,0.0,0.0,0,0.0,6.666666666666667,21.89655172413793,0.0,1.666666666666667,0,40.0,36.8,0,0.0,18.0,27.29166666666667,15.0,0.9090909090909091,0.0,14.67213114754098,11.81818181818182,12.0,20.17241379310345,12.05882352941176,205.0,0.8823529411764706,4.615384615384615,0,0,0.0,0.7142857142857143,8.636363636363637,10.37504189626901
55,LEVETIRACETAM 250 MG,11.0,6.315789473684211,0,10.76923076923077,0,22.0,0.0,0.6666666666666666,0,0,12.10526315789474,0.9375,0,17.14285714285714,8.88888888888889,0,6.315789473684211,0,0,0.0,1.111111111111111,10,3.333333333333333,18.33333333333333,18.75,0,0,12.0,0.0,0.0,0,11.05263157894737,0.0,0.0,0,12.5,3.333333333333333,18.79310344827586,0.0,1.666666666666667,0,0.0,30.66666666666667,0,7.142857142857143,6.0,18.125,0.0,20.90909090909091,17.27272727272727,14.79508196721311,15.60606060606061,20.0,11.03448275862069,19.41176470588235,8.75,14.70588235294118,25.0,0,0,0.0,6.428571428571429,18.63636363636364,7.325397584522263
56,OLMESARTAN MEDOXOMIL 40 MG +  CHLORTHALIDONE 12.5MG,29.0,17.89473684210526,0,4.038461538461538,0,13.16666666666667,1.25,2.0,0,0,13.1578947368421,0.46875,0,15.71428571428571,10.0,0,12.10526315789474,0,0,5.0,7.777777777777778,20,0.0,13.33333333333333,8.75,0,0,13.0,0.0,1.0,0,8.947368421052632,3.333333333333333,0.0,0,0.0,6.666666666666667,27.06896551724138,0.0,17.5,0,10.0,17.37777777777778,0,2.857142857142857,6.0,12.70833333333333,2.5,11.81818181818182,20.0,13.5655737704918,29.54545454545455,7.0,8.275862068965518,8.235294117647058,8.75,17.64705882352941,9.23076923076923,0,0,3.333333333333333,7.142857142857143,40.0,7.732716548018174
57,OLMESARTAN MEDOXOMIL 10 MG,12.0,42.10526315789474,0,8.653846153846153,0,31.66666666666667,0.0,0.0,0,0,12.63157894736842,0.0,0,7.857142857142857,13.88888888888889,0,4.736842105263158,0,0,2.5,11.66666666666667,10,10.0,11.66666666666667,0.0,0,0,4.0,6.666666666666667,0.0,0,8.421052631578947,11.66666666666667,0.0,10,0.0,6.666666666666667,6.206896551724138,0.0,50.0,0,20.0,9.555555555555555,10,1.428571428571429,18.0,6.875,7.5,40.0,10.0,15.94262295081967,38.78787878787879,8.0,7.758620689655173,20.58823529411765,0.0,18.52941176470588,4.615384615384615,0,0,5.0,23.57142857142857,12.72727272727273,8.918753867922181
58,SODIUM BICARBONATE 1000 MG,0.5,34.73684210526316,0,5.384615384615385,0,8.333333333333334,8.75,0.0,0,0,1.578947368421053,0.0,0,27.85714285714286,43.88888888888889,0,1.052631578947368,0,0,0.0,0.0,0,0.0,15.0,25.0,0,0,20.0,0.0,13.33333333333333,0,18.15789473684211,1.666666666666667,10.0,10,0.0,0.0,11.12068965517241,0.0,0.8333333333333334,0,43.33333333333334,25.33333333333333,0,5.0,14.0,5.208333333333333,47.5,9.090909090909092,6.818181818181818,15.0,11.81818181818182,12.0,4.137931034482759,6.764705882352941,8.75,21.47058823529412,8.461538461538462,0,0,0.0,22.85714285714286,66.81818181818181,9.389788575527389
59,GLIMEPIRIDE 0.5MG,0.0,9.473684210526315,0,3.269230769230769,0,3.8,1.25,0.0,0,0,1.578947368421053,1.09375,0,12.85714285714286,1.666666666666667,0,0.0,0,0,0.0,28.33333333333333,90,0.0,2.666666666666667,3.75,0,0,2.0,0.0,0.0,0,3.684210526315789,3.333333333333333,0.0,10,15.0,13.33333333333333,18.79310344827586,10.0,5.0,0,33.33333333333334,26.77777777777778,0,6.428571428571429,0.0,3.541666666666667,22.5,2.727272727272727,17.27272727272727,36.9672131147541,11.51515151515152,0.0,4.655172413793103,3.235294117647059,36.25,5.588235294117647,21.53846153846154,0,0,6.666666666666667,0.0,30.90909090909091,8.107778369671076
60,DILTIAZEM HCL SR 90MG,9.0,18.42105263157895,0,5.769230769230769,0,16.33333333333333,0.0,0.0,0,0,5.789473684210527,0.3125,0,2.857142857142857,5.555555555555555,0,2.631578947368421,0,0,0.0,13.33333333333333,0,0.0,0.0,12.5,0,0,3.0,0.0,0.0,0,12.63157894736842,0.8333333333333334,0.0,0,2.5,0.0,35.86206896551724,0.0,3.333333333333333,0,5.0,8.222222222222221,0,2.857142857142857,44.0,12.60416666666667,5.0,33.63636363636363,9.545454545454545,11.02459016393443,10.60606060606061,46.0,24.6551724137931,15.88235294117647,37.5,3.529411764705882,6.923076923076923,20,0,3.333333333333333,7.857142857142857,25.45454545454545,7.687215112332142
61,RABEPRAZOLE 20+DOMP 10 TAB,6.5,5.789473684210527,0,2.75,0,2.0,0.0,0.0,0,0,5.789473684210527,0.0,0,26.42857142857143,5.555555555555555,0,5.789473684210527,0,0,0.0,7.777777777777778,0,0.0,5.0,5.0,0,0,9.0,0.0,0.0,0,7.368421052631579,6.666666666666667,0.0,0,0.0,0.0,28.79310344827586,0.0,1.666666666666667,0,26.66666666666667,6.444444444444445,40,0.0,2.0,10.625,5.0,5.454545454545454,3.181818181818182,12.86885245901639,18.78787878787879,22.0,24.6551724137931,19.11764705882353,2.5,23.52941176470588,2.307692307692307,0,0,0.0,21.42857142857143,5.0,6.086394993916403
62,ATORVASTATIN 80 MG,16.0,6.842105263157895,0,1.153846153846154,0,3.0,0.0,0.6666666666666666,0,0,7.368421052631579,0.78125,0,3.571428571428572,3.888888888888889,0,3.157894736842105,0,40,0.0,3.333333333333333,0,0.0,0.0,1.25,0,0,3.0,0.0,0.0,20,2.631578947368421,0.0,0.0,6,20.0,10.0,23.27586206896552,0.0,1.666666666666667,0,21.66666666666667,12.44444444444444,0,0.0,14.0,3.125,10.0,12.72727272727273,14.09090909090909,14.75409836065574,40.60606060606061,40.0,7.413793103448276,11.17647058823529,13.75,10.88235294117647,6.153846153846154,0,0,20.0,37.14285714285715,10.0,7.579709748815371
63,GLICLAZIDE 80 MG + METFORMIN HYDROCLORIDE 500 MG + VOGLIBOSE 0.2 MG,7.0,0.5263157894736842,0,0.9615384615384616,0,8.0,2.5,0.0,0,0,2.105263157894737,0.625,0,0.0,0.0,0,14.73684210526316,0,0,0.0,0.0,0,0.0,100.0,3.75,0,0,0.0,0.0,16.66666666666667,0,0.0,0.0,0.0,10,0.0,6.666666666666667,3.793103448275862,0.0,26.66666666666667,0,10.0,18.88888888888889,0,1.428571428571429,10.0,9.375,22.5,1.818181818181818,0.0,11.51639344262295,43.21212121212121,4.5,32.75862068965517,10.58823529411765,73.75,1.470588235294118,7.692307692307693,0,0,0.0,0.7142857142857143,4.090909090909091,7.433367721736532
64,OLME 20 + METO (ER) 50 MG,3.0,17.89473684210526,20,20.96153846153846,0,2.0,0.0,0.0,20,0,16.31578947368421,0.46875,0,12.14285714285714,9.444444444444445,0,7.368421052631579,0,0,0.0,1.111111111111111,0,0.0,16.66666666666667,2.5,0,0,3.0,0.0,0.0,0,1.052631578947368,5.0,0.0,0,0.0,0.0,12.58620689655172,0.0,20.0,0,8.333333333333334,26.88888888888889,0,0.0,0.0,2.5,42.5,26.36363636363636,11.81818181818182,2.459016393442623,35.45454545454545,2.0,3.275862068965517,2.058823529411764,12.5,9.411764705882353,3.076923076923077,0,0,0.0,6.428571428571429,24.09090909090909,6.518628727352852
65,ROSUVASTATIN 10 MG + ASPIRIN 150 MG,18.5,7.368421052631579,0,3.076923076923077,0,15.0,1.25,0.0,10,0,10.52631578947368,0.0,0,7.142857142857143,5.0,0,3.684210526315789,0,0,0.0,17.33333333333333,0,0.0,6.666666666666667,8.75,0,0,14.0,0.0,0.0,0,11.57894736842105,20.0,0.0,40,0.0,0.0,8.620689655172415,0.0,2.5,0,1.666666666666667,21.33333333333333,0,3.571428571428572,12.0,3.75,2.5,11.81818181818182,16.81818181818182,6.663934426229508,6.96969696969697,3.0,10.68965517241379,3.529411764705882,3.75,9.705882352941176,10.0,0,0,0.0,18.57142857142857,23.63636363636364,6.047183011323277
66,G-SKINGLOW SKIN CREAM,2.45,13.52631578947368,6,15.44230769230769,0,3.166666666666667,5.25,4.0,0,0,2.210526315789474,5.140625,0,5.714285714285714,5.611111111111111,0,1.473684210526316,0,7,0.625,0.5555555555555556,5,0.0,0.8333333333333334,9.625,0,0,2.4,7.333333333333333,1.666666666666667,24,1.526315789473684,1.0,0.0,5,0.75,6.666666666666667,12.17241379310345,13.5,1.666666666666667,0,5.333333333333333,11.75555555555556,3,8.142857142857142,8.4,10.27083333333333,11.0,20.09090909090909,6.545454545454546,5.385245901639344,25.63636363636364,3.8,7.448275862068965,4.147058823529412,0.0,5.705882352941177,4.923076923076923,0,0,0.0,6.0,26.31818181818182,5.479515914669908
67,SITAGLIPTIN 100 MG + DAPAGLIFLOZIN 10 MG,3.25,4.473684210526316,10,5.961538461538462,0,16.0,1.25,0.0,0,0,12.10526315789474,0.0,0,6.428571428571429,1.666666666666667,0,3.684210526315789,0,0,0.0,6.666666666666667,0,0.0,0.0,3.75,0,0,1.0,0.0,3.333333333333333,0,0.0,11.66666666666667,0.0,0,0.0,0.0,5.344827586206897,0.0,8.333333333333334,0,28.33333333333333,4.666666666666667,10,4.285714285714286,8.0,8.791666666666666,10.0,17.27272727272727,5.454545454545454,10.4672131147541,9.0,21.0,10.48275862068965,17.35294117647059,7.5,7.352941176470588,14.61538461538461,0,0,5.0,0.7142857142857143,21.27272727272727,5.182185196954865
68,SODI.VAL 134+VAL ACID 58 (CR),1.25,23.15789473684211,0,3.461538461538462,0,19.66666666666667,0.0,0.6666666666666666,0,0,9.894736842105264,1.25,0,2.857142857142857,1.111111111111111,0,1.052631578947368,0,0,0.0,3.333333333333333,0,0.0,0.0,0.0,0,0,0.0,0.0,0.0,0,1.578947368421053,6.666666666666667,0.0,0,0.0,0.0,13.10344827586207,0.0,13.33333333333333,0,0.0,10.0,0,0.0,0.0,9.166666666666666,0.0,15.45454545454546,14.54545454545454,4.098360655737705,13.33333333333333,9.0,7.931034482758621,14.70588235294118,2.5,12.35294117647059,5.384615384615385,0,0,0.0,12.14285714285714,18.63636363636364,3.994224963974306
69,BENIDIPINE HCL 4 MG,1.75,16.31578947368421,0,7.884615384615385,0,12.33333333333333,0.0,0.0,0,0,16.31578947368421,0.0,0,0.0,6.111111111111111,0,1.578947368421053,0,0,0.0,6.666666666666667,0,0.0,0.0,1.25,0,0,5.0,0.0,0.0,0,9.473684210526315,1.666666666666667,10.0,10,5.0,0.0,13.44827586206897,0.0,8.333333333333334,0,1.666666666666667,7.333333333333333,0,0.0,6.0,6.25,0.0,7.272727272727272,26.36363636363636,9.631147540983607,3.03030303030303,14.0,4.827586206896552,7.352941176470588,1.25,5.588235294117647,2.307692307692307,0,0,3.333333333333333,13.57142857142857,18.63636363636364,4.310215993937526
70,LACOSAMIDE 50 MG,6.5,18.42105263157895,0,5.961538461538462,0,8.0,0.0,1.333333333333333,0,0,3.157894736842105,1.09375,0,4.285714285714286,5.555555555555555,0,0.0,0,0,0.0,32.22222222222222,0,0.0,0.0,0.0,0,20,4.0,0.0,0.0,0,0.0,0.0,0.0,0,27.5,0.0,12.58620689655172,5.0,1.666666666666667,0,16.66666666666667,7.777777777777778,0,10.0,2.0,7.916666666666667,2.5,13.63636363636364,0.4545454545454545,7.155737704918033,6.666666666666667,4.0,15.3448275862069,5.735294117647059,0.0,3.529411764705882,2.307692307692307,0,0,0.0,15.71428571428571,11.36363636363636,4.604023924091785
71,RAMIPRIL 2.5 MG + HYDROCHLOROTHIAZIDE 12.5 MG,10.0,2.631578947368421,0,1.730769230769231,0,3.333333333333333,3.75,0.0,0,0,2.105263157894737,0.625,0,0.0,5.0,0,0.5263157894736842,0,0,0.0,11.11111111111111,0,3.333333333333333,0.0,0.0,0,0,9.0,0.0,0.0,0,5.789473684210527,0.0,0.0,6,0.0,0.0,21.20689655172414,0.0,2.5,0,5.0,5.111111111111111,0,1.428571428571429,4.0,5.833333333333333,2.5,30.0,9.090909090909092,4.262295081967213,4.848484848484849,17.0,10.86206896551724,6.764705882352941,0.0,23.23529411764706,1.538461538461539,0,0,0.0,17.85714285714286,11.81818181818182,3.964978336712683
72,METHYLPREDNISOLONE 8 MG,1.5,1.842105263157895,0,10.76923076923077,0,3.333333333333333,1.25,1.333333333333333,0,0,0.5263157894736842,1.09375,0,19.28571428571428,2.777777777777778,0,3.157894736842105,0,0,0.0,3.333333333333333,0,3.333333333333333,16.66666666666667,28.75,0,0,8.2,0.0,0.0,0,4.210526315789473,5.0,0.0,0,2.5,0.0,6.206896551724138,0.0,6.666666666666667,0,11.66666666666667,7.111111111111111,0,4.285714285714286,4.0,6.041666666666667,0.0,8.181818181818182,3.636363636363636,7.204918032786885,13.93939393939394,4.0,6.051724137931035,8.411764705882353,0.0,8.529411764705882,3.076923076923077,0,0,1.666666666666667,5.0,16.36363636363636,3.98261360940704
73,ROSUVASTATIN 20 MG + ASPIRIN 150 MG,1.0,0.5263157894736842,0,2.307692307692307,0,5.666666666666667,0.0,0.0,0,0,10.31578947368421,0.625,0,1.428571428571429,8.333333333333334,0,2.105263157894737,0,0,0.0,5.555555555555555,0,0.0,11.66666666666667,8.75,0,0,6.0,0.0,6.666666666666667,0,1.578947368421053,15.0,0.0,0,0.0,0.0,12.58620689655172,0.0,25.83333333333333,0,3.333333333333333,9.6,0,0.0,2.0,1.666666666666667,5.0,4.545454545454546,6.363636363636363,8.426229508196721,8.181818181818182,3.0,8.741379310344827,9.117647058823529,2.5,6.470588235294118,6.153846153846154,0,0,0.0,7.857142857142857,7.272727272727272,3.590102827488824
74,VILDAGLIPTIN 50 MG + METFORMIN HYDROCHLORIDE 850 MG,0.1,2.631578947368421,0,0.3846153846153846,0,14.66666666666667,0.0,0.6666666666666666,0,0,1.052631578947368,0.15625,0,0.0,4.444444444444445,0,2.631578947368421,0,10,1.25,1.111111111111111,0,0.0,10.0,0.0,0,0,1.0,6.666666666666667,0.0,0,1.052631578947368,0.0,0.0,0,2.5,0.0,10.68965517241379,0.0,1.25,0,3.333333333333333,2.0,0,0.0,0.0,2.916666666666667,15.0,27.27272727272727,0.4545454545454545,9.80327868852459,13.93939393939394,3.0,15.51724137931035,7.941176470588236,0.0,5.294117647058823,0.0,0,0,13.33333333333333,6.428571428571429,5.0,3.229982266337614
75,FERROUS ASCO+FOLIC+VIT B12 TAB,4.25,7.368421052631579,0,6.730769230769231,0,5.666666666666667,0.0,0.0,0,0,1.052631578947368,1.875,0,7.142857142857143,3.888888888888889,20,2.631578947368421,0,10,1.25,1.111111111111111,0,0.0,18.33333333333333,7.5,0,0,8.0,10.0,0.0,0,1.578947368421053,5.0,0.0,0,7.5,26.66666666666667,6.086206896551724,5.0,0.08333333333333333,0,0.0,3.666666666666667,0,2.142857142857143,12.0,2.708333333333333,17.5,1.818181818181818,4.545454545454546,7.786885245901639,3.636363636363636,16.0,5.689655172413793,9.705882352941176,1.25,2.647058823529412,14.61538461538461,0,0,8.333333333333334,7.857142857142857,11.81818181818182,4.800599898083051
76,NIFEDIPINE SR 30 MG,0.0,4.210526315789473,0,12.17307692307692,0,11.0,1.25,0.0,0,0,5.263157894736842,0.0,0,9.285714285714286,5.0,0,4.736842105263158,0,0,0.0,2.222222222222222,0,0.0,0.0,21.25,0,0,4.0,0.0,0.0,0,10.52631578947368,0.0,0.0,0,0.0,0.0,3.96551724137931,0.0,9.166666666666666,0,13.33333333333333,10.88888888888889,0,0.7142857142857143,4.0,8.125,0.0,8.181818181818182,5.909090909090909,2.704918032786885,6.515151515151516,9.0,0.8620689655172413,4.117647058823529,0.0,6.176470588235294,1.538461538461539,0,0,8.333333333333334,5.0,10.90909090909091,3.339041244653014
77,ATORVASTATIN 5 MG,0.0,0.5263157894736842,0,0.5769230769230769,0,0.0,2.5,0.0,0,0,0.0,0.46875,0,0.0,0.0,0,1.052631578947368,0,0,2.5,0.0,0,0.0,1.666666666666667,0.0,0,0,0.0,0.0,0.0,0,0.0,0.0,0.0,10,27.5,3.333333333333333,5.344827586206897,0.0,9.166666666666666,0,70.0,0.6666666666666666,10,0.0,4.0,1.979166666666667,12.5,0.0,0.9090909090909091,11.68032786885246,3.787878787878788,69.0,5.689655172413793,2.058823529411764,18.75,1.764705882352941,25.38461538461538,0,0,0.0,0.0,1.818181818181818,4.835321069592838
78,CILNIDIPINE 10 MG + METOPROLOL 25 MG ER,0.5,8.421052631578947,0,4.807692307692307,0,2.666666666666667,0.0,0.0,0,0,1.052631578947368,0.0,0,0.0,2.222222222222222,0,0.0,0,0,0.0,11.33333333333333,0,0.0,0.0,2.5,0,0,2.0,0.0,0.0,0,1.315789473684211,3.333333333333333,0.0,0,0.0,0.0,1.896551724137931,0.0,5.0,0,3.333333333333333,8.444444444444445,0,5.0,16.0,3.333333333333333,0.0,4.545454545454546,7.545454545454546,4.344262295081967,5.454545454545454,24.0,4.310344827586207,3.529411764705882,28.75,10.0,2.307692307692307,0,0,0.0,20.0,21.81818181818182,3.488344951450955
79,CILNIDIPINE 10 MG + METOPROLOL 50 MG ER,0.0,5.789473684210527,0,7.115384615384615,0,2.666666666666667,0.0,0.0,0,0,2.105263157894737,0.0,0,7.857142857142857,2.222222222222222,0,2.631578947368421,0,0,0.0,5.888888888888889,0,0.0,6.666666666666667,2.5,0,0,6.0,0.0,0.0,0,0.0,13.33333333333333,0.0,0,2.5,0.0,2.241379310344827,0.0,0.8333333333333334,0,6.666666666666667,9.555555555555555,0,0.7142857142857143,10.0,5.208333333333333,0.0,5.454545454545454,0.4545454545454545,5.0,4.545454545454546,10.0,14.31034482758621,2.941176470588236,15.0,7.058823529411764,3.076923076923077,0,0,0.0,7.142857142857143,5.0,2.896521356431908
80,ETORICOXIB 60 MG + PARACETAMOL 325 MG,6.75,2.631578947368421,20,5.961538461538462,0,2.0,1.25,0.0,0,0,1.578947368421053,0.0,0,2.857142857142857,1.666666666666667,0,0.0,0,0,0.0,0.0,0,0.0,3.333333333333333,13.75,0,0,4.0,0.0,0.0,0,4.210526315789473,3.333333333333333,0.0,10,2.5,0.0,6.379310344827586,0.0,0.0,0,5.0,1.0,0,0.0,0.0,2.916666666666667,0.0,2.727272727272727,5.454545454545454,4.30327868852459,14.54545454545454,6.0,3.620689655172414,5.882352941176471,0.0,11.76470588235294,2.307692307692307,0,0,0.0,7.142857142857143,14.54545454545454,2.847830923580809
81,ESOMEPRAZOLE 20 MG TAB,0.5,7.894736842105263,0,6.538461538461538,0,5.0,6.25,0.0,0,0,0.0,0.0,0,4.285714285714286,2.222222222222222,0,0.0,0,0,0.0,2.222222222222222,0,0.0,0.0,0.0,0,0,3.0,0.0,0.0,0,3.157894736842105,1.666666666666667,0.0,0,2.5,0.0,5.172413793103448,0.0,1.666666666666667,0,10.0,3.333333333333333,0,0.0,4.0,3.958333333333333,7.5,1.818181818181818,5.0,3.278688524590164,3.333333333333333,10.0,4.137931034482759,6.176470588235294,0.0,7.352941176470588,0.0,0,0,0.0,2.857142857142857,6.363636363636363,2.082333195821338
82,GLICLAZIDE 40 MG + METFORMIN HYDROCLORIDE 500 MG + VOGLIBOSE 0.2 MG,2.0,0.0,0,0.0,0,5.0,0.0,0.0,0,0,1.052631578947368,0.0,0,0.0,0.0,0,0.5263157894736842,0,20,0.0,3.333333333333333,0,0.0,0.0,2.5,0,0,1.0,0.0,0.0,0,0.5263157894736842,0.0,0.0,50,0.0,0.0,3.275862068965517,0.0,32.08333333333334,0,0.0,2.666666666666667,0,0.0,6.0,7.708333333333333,5.0,2.727272727272727,0.0,2.295081967213115,10.3030303030303,0.0,3.448275862068965,0.8823529411764706,13.75,1.764705882352941,3.846153846153846,0,0,15.0,0.0,0.0,3.122058181314211
83,MONTELUKAST 10 MG,0.0,0.0,0,0.9615384615384616,0,1.0,6.25,0.6666666666666666,0,0,2.105263157894737,0.15625,0,0.7142857142857143,0.0,0,0.0,0,0,0.0,1.111111111111111,0,0.0,1.666666666666667,0.0,0,0,0.0,0.0,0.0,0,0.7894736842105263,0.0,0.0,0,12.5,0.0,7.068965517241379,0.0,0.0,0,6.666666666666667,0.8888888888888888,0,0.7142857142857143,0.0,1.25,11.25,1.818181818181818,1.590909090909091,3.60655737704918,2.727272727272727,0.0,3.103448275862069,2.058823529411764,1.25,4.411764705882353,3.846153846153846,0,10,0.0,0.0,6.363636363636363,1.532330317203424
84,HONEY 100 GM,0.15,1.105263157894737,0,4.576923076923077,0,0.1666666666666667,0.25,0.7333333333333333,0,0,0.4210526315789473,0.265625,0,6.571428571428571,1.0,0,0.1052631578947368,0,0,0.0,0.5555555555555556,3,0.0,5.333333333333333,1.0,0,0,0.5,0.0,6.0,0,0.9473684210526315,0.0,0.0,0,3.5,0.0,2.137931034482758,2.5,0.75,0,0.3333333333333333,4.066666666666666,1,1.571428571428571,0.0,0.6666666666666666,0.0,0.6363636363636364,0.9090909090909091,1.721311475409836,11.66666666666667,1.8,1.862068965517241,0.1764705882352941,0.0,1.529411764705882,1.538461538461539,0,3,0.0,1.785714285714286,4.090909090909091,1.268639811100222
85,BETAHISTINE HYDROCHLORIDE 24 MG,0.0,0.0,0,0.5769230769230769,0,0.0,0.0,0.0,0,0,0.0,0.0,0,0.0,0.0,0,2.105263157894737,0,0,0.0,0.0,0,0.0,0.0,2.5,0,0,0.0,0.0,0.0,0,0.0,0.0,0.0,0,0.0,0.0,2.586206896551724,0.0,1.666666666666667,0,0.0,0.6666666666666666,0,0.0,4.0,2.083333333333333,2.5,13.63636363636364,0.0,0.7377049180327869,6.060606060606061,29.0,6.379310344827586,1.176470588235294,2.5,6.764705882352941,0.0,0,0,0.0,0.0,0.9090909090909091,1.362687494246753
86,ACECLOFENAC 200 MG SR + RABEPRAZOLE 20 MG,1.5,0.0,0,1.634615384615385,0,2.333333333333333,0.0,0.0,0,0,0.0,0.0,0,2.142857142857143,1.666666666666667,0,0.0,0,0,0.0,7.777777777777778,0,0.0,0.0,2.5,0,0,0.0,0.0,0.0,0,1.578947368421053,1.666666666666667,0.0,0,0.0,0.0,2.586206896551724,0.0,2.5,0,5.0,0.8888888888888888,0,0.0,0.0,1.041666666666667,2.5,11.27272727272727,1.818181818181818,2.131147540983607,3.03030303030303,3.0,0.896551724137931,2.058823529411764,2.5,7.352941176470588,0.7692307692307693,0,0,0.0,2.142857142857143,1.363636363636364,1.200857573974375
87,NEBIVOLOL 5 MG + HYDRO 12.5 MG,2.5,1.052631578947368,0,1.153846153846154,0,1.333333333333333,0.0,0.0,0,0,1.052631578947368,0.0,0,0.0,0.5555555555555556,0,0.0,0,0,0.0,0.0,0,0.0,1.666666666666667,0.0,0,0,5.0,0.0,0.0,0,0.0,0.0,0.0,0,0.0,0.0,2.241379310344827,0.0,1.666666666666667,0,3.333333333333333,1.333333333333333,0,0.7142857142857143,22.0,3.541666666666667,5.0,10.0,0.4545454545454545,0.819672131147541,2.727272727272727,0.0,4.655172413793103,1.764705882352941,0.0,4.705882352941177,3.076923076923077,0,0,1.666666666666667,3.571428571428572,0.0,1.390279351888861
88,DAPAGLIFLOZIN 5 MG + METFORMIN HCL 500 MG (SR),1.25,0.0,0,0.9615384615384616,0,1.333333333333333,0.0,0.0,0,0,0.7894736842105263,0.0,0,0.0,2.222222222222222,0,0.5263157894736842,0,0,0.0,2.222222222222222,0,0.0,1.666666666666667,0.0,0,0,0.0,0.0,0.0,0,1.578947368421053,1.666666666666667,0.0,0,2.5,0.0,1.379310344827586,0.0,0.0,0,0.0,1.555555555555556,0,0.0,2.0,2.916666666666667,0.0,1.818181818181818,3.181818181818182,1.147540983606557,3.333333333333333,9.0,2.586206896551724,3.235294117647059,3.75,3.529411764705882,3.076923076923077,0,0,0.0,1.428571428571429,3.636363636363636,1.020516892373133
89,IMMUN BOOSTER TAB,0.0,1.578947368421053,0,1.730769230769231,0,0.3333333333333333,0.0,0.0,0,0,1.578947368421053,0.3125,0,5.0,0.5555555555555556,0,0.0,0,0,2.5,0.0,0,0.0,10.0,3.75,0,0,1.0,0.0,0.0,0,1.052631578947368,1.666666666666667,0.0,0,0.0,3.333333333333333,2.931034482758621,0.0,0.0,0,1.666666666666667,1.333333333333333,0,5.0,0.0,0.625,12.5,0.0,0.4545454545454545,1.80327868852459,2.424242424242424,0.0,2.603448275862069,0.7352941176470589,0.0,1.764705882352941,3.076923076923077,0,0,0.0,1.428571428571429,4.090909090909091,1.219533926314037
90,TELMI 40+CLINI 10+METO 50TAB,0.0,0.0,0,1.730769230769231,0,2.0,0.0,0.0,0,0,0.0,0.0,0,1.428571428571429,1.111111111111111,0,0.0,0,0,0.0,0.0,0,0.0,0.0,1.25,0,0,1.0,0.0,0.0,0,0.0,0.0,0.0,0,2.5,0.0,1.551724137931034,0.0,0.0,0,6.666666666666667,3.111111111111111,0,5.0,2.0,0.625,0.0,1.818181818181818,0.4545454545454545,1.311475409836065,5.454545454545454,0.0,1.896551724137931,2.058823529411764,1.25,3.235294117647059,1.538461538461539,0,0,0.0,3.571428571428572,6.818181818181818,0.9425784622625087
91,CAL+MAG+ZINC+VIT D3+AMINO+COP+BORON TAB,0.0,5.0,0,0.0,0,0.6666666666666666,0.0,0.0,0,0,0.0,0.15625,0,0.0,0.0,0,1.052631578947368,0,0,1.25,0.0,20,0.0,0.0,5.0,0,0,0.0,3.333333333333333,0.0,0,0.0,0.0,0.0,0,0.0,0.0,1.379310344827586,0.0,0.8333333333333334,0,1.666666666666667,0.6666666666666666,10,0.0,0.0,0.0,7.5,0.0,1.363636363636364,0.2459016393442623,2.424242424242424,0.0,1.551724137931034,0.2941176470588235,0.0,0.0,0.7692307692307693,0,0,0.0,2.142857142857143,1.818181818181818,1.097059532268639
92,HONEY 250 GM,0.0,0.0,3,0.4230769230769231,0,0.06666666666666667,0.0,0.1333333333333333,5,0,0.0,0.140625,0,0.3571428571428572,0.0,0,0.0,0,0,0.0,0.0,0,0.0,0.0,0.375,0,3,0.0,0.0,0.0,0,0.0,0.0,0.0,0,1.75,0.0,0.8103448275862069,0.0,0.1666666666666667,0,0.0,0.6,0,0.0,0.0,0.1458333333333333,0.0,1.090909090909091,0.0,0.8688524590163934,2.848484848484849,0.5,1.068965517241379,0.2647058823529412,0.0,0.4117647058823529,0.3846153846153846,0,0,0.0,0.7142857142857143,0.3636363636363636,0.3886493583211183
93,AMLODIPINE 5 MG + LOSARTAN POTASSIUM 50 MG + HYDROCHLOROTHIAZIDE 12.5,2.0,0.0,0,0.0,0,0.3333333333333333,0.0,0.0,0,0,0.0,0.0,0,0.0,0.0,0,0.0,0,0,0.0,2.222222222222222,0,0.0,0.0,0.0,0,0,0.0,0.0,0.0,0,0.0,0.0,0.0,0,0.0,0.0,2.068965517241379,0.0,0.0,0,0.0,0.0,0,0.0,0.0,0.8333333333333334,7.5,0.0,0.0,0.4918032786885246,0.0,0.0,0.6896551724137931,0.0,0.0,2.058823529411764,0.7692307692307693,0,0,0.0,0.0,0.0,0.3010693199345257
94,HONEY 500 GM,0.0,0.0,0,2.038461538461538,0,0.0,0.0,0.0,2,0,0.0,0.03125,0,1.857142857142857,0.6111111111111112,0,0.1052631578947368,0,0,0.0,0.2222222222222222,2,0.0,0.1666666666666667,1.125,0,0,0.0,0.0,0.0,1,0.2105263157894737,0.0,0.0,0,0.25,0.0,0.293103448275862,0.0,0.0,0,0.0,1.422222222222222,0,0.2142857142857143,0.0,0.02083333333333333,0.0,0.6363636363636364,0.4545454545454545,0.2295081967213115,0.9090909090909091,0.0,0.396551724137931,0.02941176470588235,0.0,0.2058823529411765,0.6923076923076923,0,0,0.3333333333333333,0.6428571428571429,0.9090909090909091,0.3016989159285892
95,HONEY 1000 GM,0.0,0.0,0,0.3076923076923077,0,0.0,0.0,0.0,1,0,0.1578947368421053,0.015625,0,0.5,0.8888888888888888,0,0.05263157894736842,0,0,0.0,0.2222222222222222,2,0.0,0.0,0.5,0,0,0.0,0.0,0.0,0,0.1052631578947368,0.0,0.0,0,0.0,0.0,0.1896551724137931,0.0,0.0,2,0.0,0.7777777777777778,0,0.0,0.0,0.0,0.0,0.1818181818181818,0.0,0.4262295081967213,0.06060606060606061,0.0,0.4482758620689655,0.05882352941176471,0.0,0.02941176470588235,0.1538461538461539,0,0,0.1666666666666667,0.2857142857142857,0.0,0.1671276643764109
96,GABAPENTAIN 300 MG + METHYCLOBALAMIN 500 MG,0.0,0.0,0,0.0,0,0.0,0.0,0.0,0,0,0.0,0.0,0,0.0,0.0,0,0.0,0,0,0.0,0.0,0,0.0,0.0,0.0,0,0,0.0,0.0,0.0,0,0.0,0.0,0.0,0,0.0,0.0,0.0,0.0,0.0,0,0.0,0.0,0,0.0,0.0,0.0,0.0,0.0,0.0,0.0,0.0,1.0,0.0,0.0,0.0,0.0,0.0,0,0,0.0,0.0,0.0,0.01587301587301587
